{
  "project_info": {
    "project_number": "770338931975",
    "project_id": "database-5fdc8",
    "storage_bucket": "database-5fdc8.appspot.com"
  },
  "client": [
    {
      "client_info": {
        "mobilesdk_app_id": "1:770338931975:android:d6924546960989f8b331a2",
        "android_client_info": {
          "package_name": "com.example.codeseasy.com.firebaseauth"
        }
      },
      "oauth_client": [
        {
          "client_id": "770338931975-qv2uf4slsd1i99kgmmpc1b27n9u46ru4.apps.googleusercontent.com",
          "client_type": 3
        }
      ],
      "api_key": [
        {
          "current_key": "AIzaSyBYQgJA10y47g7UsDppe9pgpkq4Xo6BOfU"
        }
      ],
      "services": {
        "appinvite_service": {
          "other_platform_oauth_client": [
            {
              "client_id": "770338931975-qv2uf4slsd1i99kgmmpc1b27n9u46ru4.apps.googleusercontent.com",
              "client_type": 3
            }
          ]
        }
      }
    }
  ],
  "configuration_version": "1"
}